{"loss": [1.2731091278231041, 40.92108813391791, 36.5648906926314, 47.316376426046894, 41.90611817624218, 29.907886933663796, 54.91909785747528, 24.001965705762828, 43.94181106273945, 43.64121792038667, 38.685916385650636, 42.07553420947479, 45.06083925494126], "mean_absolute_error": [0.5060991089568179, 1.1468791193432277, 1.542006328701973, 2.1483655994938267, 3.0927680204080983, 3.331638352624301, 4.043998737335205, 4.176931063334147, 4.6833612075218785, 4.938586943357894, 5.25191177368164, 5.3253360847095115, 5.881063652890069], "mean_q": [0.26942907732266647, 0.03930262133168678, -0.6686714546134075, -1.2145434045983898, -1.9792076977648476, -2.4454532327323126, -3.1712771765391032, -3.482809953522264, -3.9178051398350644, -4.081226564148097, -4.457484292984009, -4.48890241846308, -5.0815513134002686], "mean_eps": [0.9937899999999994, 0.9844749999999997, 0.9761049999999997, 0.9662049999999989, 0.9548200000000001, 0.9437950000000016, 0.9352000000000001, 0.9292599999999995, 0.9237700000000004, 0.9162100000000003, 0.9081999999999998, 0.8998300000000014, 0.8897950000000004], "episode_reward": [-369.94895873626086, -168.2856201888076, -126.0684599383686, -395.58134254352666, -369.4580901450576, -182.13730348558914, -158.74655987679424, -104.14721920032946, -129.27448493338497, -156.13036686732326, -156.67314614426118, -222.035353710746, -259.1696691262142], "nb_episode_steps": [128, 90, 96, 124, 129, 116, 75, 57, 65, 103, 75, 111, 112], "nb_steps": [128, 218, 314, 438, 567, 683, 758, 815, 880, 983, 1058, 1169, 1281], "episode": [0, 1, 2, 3, 4, 5, 6, 7, 8, 9, 10, 11, 12], "duration": [3.467288039973937, 0.6857267109444365, 0.690450717927888, 0.8866473049856722, 0.9587218270171434, 0.769348434987478, 0.4925974579527974, 0.38926158798858523, 0.4505933739710599, 0.6808226210996509, 0.6914419940439984, 0.9767253879690543, 0.8922736889217049]}